Name,Slug,Collection ID,Item ID,Created On,Updated On,Published On,Title,Sub Head,Video,URL,Client Logo,Client Information,Client Information Summary,Website Link,Twitter Link,Facebook Link,Email,Phone Number
ChooseATL,chooseatl,5e1f288e0a7ad1553a995611,5e1f288e0a7ad10eea9956d3,Fri Jan 03 2020 15:25:22 GMT+0000 (Coordinated Universal Time),Sat Jan 04 2020 17:05:40 GMT+0000 (Coordinated Universal Time),Wed Jan 15 2020 15:01:12 GMT+0000 (Coordinated Universal Time),,,,http://lydafire.webflow.io/client/chooseatl,https://uploads-ssl.webflow.com/5dea5a47bb83ab492b02cf7a/5e0f5ce0aecc836bbb6bf06c_1578065119015-image10.jpg,<h2>Explicabo aut impedit enim voluptas et ut labore repellat repellat.</h2><p>Alias autem deleniti sit sed qui harum vel. Libero autem occaecati incidunt labore suscipit et magni. Voluptas quia reprehenderit a velit dolorum sunt soluta. Ea voluptatem non.</p><h3>Deleniti assumenda dolorem officiis qui error autem sed ea aut.</h3><blockquote>Hic officia ipsum et quod. Omnis modi est placeat culpa quia sunt qui. Ducimus soluta ratione consequatur. Optio ex enim autem. Nihil fuga dolores ullam. Atque deserunt porro et velit officiis ea quae sunt.</blockquote><p>Repellat est nam unde reprehenderit eum debitis voluptas. Facere provident rerum et nemo. Consequuntur sapiente nostrum consequuntur labore nihil saepe.</p><p>Velit dignissimos sed. In vel unde eveniet aperiam soluta dolor ut quos nostrum. Sed et hic ex nostrum qui illo. Rem eos facilis sunt nesciunt voluptatum dolorum harum et. Consequatur vel et.</p><h2>Autem nulla distinctio ipsum dolor qui et.</h2><p>Voluptate et aut tempora inventore minima maxime eaque voluptatibus. Pariatur velit quia illum. Vero expedita molestiae.</p><h3>Cumque officiis quia repudiandae aperiam.</h3><blockquote>Sed occaecati et distinctio eum quidem inventore aut ab sit. Odio dolore et rerum quos dolorem odit. Id sed necessitatibus cum ut labore. Voluptas sapiente minima architecto ipsa placeat sed dicta enim.</blockquote><p>Quas ad nihil. Tenetur vel eligendi. Et nisi est eveniet eum. Quae amet aliquid aliquam accusamus deleniti architecto saepe reprehenderit sint.</p><p>Qui ipsum corporis hic rem optio. Sint aliquid inventore odio sed et ut. Maiores dignissimos vel consequatur debitis modi. Pariatur fugiat voluptas. Expedita consequatur ab sunt nobis aut suscipit. Expedita aut atque quisquam possimus iusto sit quod.</p><h2>Tempore vel illum ipsa excepturi autem animi similique non.</h2><p>Adipisci ut quis dolores commodi rem voluptatem commodi officiis. Ut voluptas deleniti eius. Saepe aperiam illo harum voluptas non. Nam quis repellendus sint. Suscipit dolores voluptate.</p><h3>Porro facilis earum dolorum et explicabo veniam.</h3><blockquote>Voluptate neque et hic voluptas voluptas adipisci nihil. Numquam cumque rerum sed. Et dolore dignissimos amet omnis vel sunt ut nisi.</blockquote><p>Dignissimos molestiae fugit odio tenetur cum. Eum dignissimos sequi magni est soluta quaerat. Aliquam impedit quibusdam consequuntur aspernatur voluptas molestiae ab facere. Dicta velit tenetur aperiam labore et. Ea earum dolores id non rerum.</p><p>Saepe saepe iusto eos hic. A voluptatem enim ut officiis ipsa molestiae. Voluptatem nihil possimus pariatur facilis. Voluptas eaque illum aut non ut et ducimus sit. Inventore qu</p>,"Omnis quam consequuntur voluptatem molestiae ut vitae deleniti eos.
Asperiores alias non aut quo harum ut est in.
Porro unde earum fugiat et cumque ut.
Atque laborum distinctio soluta laborum.
Aut quo sit repellendus corporis et occaecati et perspiciatis ipsa.
Quaerat ",https://www.instagram.com,https://adobe.com,https://www.blogger.com,Jasen.Harber87@gmail.com,+1 175 276 898
City of Decatur,city-of-decatur,5e1f288e0a7ad1553a995611,5e1f288e0a7ad1a89e9956d2,Fri Jan 03 2020 15:25:21 GMT+0000 (Coordinated Universal Time),Sat Jan 04 2020 17:05:47 GMT+0000 (Coordinated Universal Time),Wed Jan 15 2020 15:01:12 GMT+0000 (Coordinated Universal Time),,,,http://lydafire.webflow.io/client/city-of-decatur,https://uploads-ssl.webflow.com/5dea5a47bb83ab492b02cf7a/5e0f5cdf8ce0372bd96c0ddb_1578065118388-image11.jpg,<h2>Ea est numquam.</h2><p>Unde ut sapiente esse nihil velit fugiat deleniti asperiores. Voluptas consequuntur ex illum totam quam voluptatum soluta tempore debitis. Inventore voluptatem aliquid molestiae saepe nesciunt ab. Architecto deleniti quibusdam. Exercitationem quod expedita voluptatem et et. Recusandae possimus adipisci.</p><h3>Dolore occaecati alias.</h3><blockquote>Vitae ea ipsa sed exercitationem. Ab adipisci aliquid ipsum et. Eaque est pariatur aut voluptatem in. Et consequatur doloremque. Quia ab voluptatem saepe nobis voluptatem molestiae dolorem.</blockquote><p>Nesciunt voluptatem rem autem quia autem. Possimus sunt odio sint quibusdam. At sint facere ut quasi unde minima fuga fuga. Accusamus et sequi aliquid. Ad sit incidunt qui blanditiis soluta. Ut provident delectus aliquid consequatur voluptatem tenetur tempore molestiae.</p><p>Aperiam eius facilis in assumenda aliquam et velit et. Odit consequatur est et harum quia neque deleniti nam consequatur. Est officiis praesentium necessitatibus sed sequi non voluptatem ut. Autem explicabo architecto. Soluta vel eius eos porro inventore asperiores aliquid. Quidem adipisci impedit.</p>,"Consectetur voluptatem molestiae autem est deleniti fugiat quas.
Quia voluptatem sed consequatur.
Soluta at unde quasi qui ad sunt qui.
Sed dolore quia quos deleniti tenetur enim libero fugiat non.
Sed ratione et non suscipit dolor itaque id tempora.
Ex animi officiis libero deleniti vitae ",https://webflow.com,https://www.cnn.com,https://www.imdb.com/,Ivy22@hotmail.com,+1 168 553 355
Fortress Walls,fortress-walls,5e1f288e0a7ad1553a995611,5e1f288e0a7ad1fb639956d8,Sat Jan 04 2020 16:05:52 GMT+0000 (Coordinated Universal Time),Thu Jan 16 2020 18:13:12 GMT+0000 (Coordinated Universal Time),Wed Jan 15 2020 15:01:12 GMT+0000 (Coordinated Universal Time),,,,http://lydafire.webflow.io/client/fortress-walls,https://uploads-ssl.webflow.com/5dea5a47bb83ab492b02cf7a/5e0f5ce07ff3af778cee72a6_1578065119013-image13.jpg,<h2>Mollitia consectetur enim nemo repellat at omnis quia.</h2><p>Commodi repellendus quos ut. Qui eaque deleniti occaecati voluptatem deleniti. Eligendi distinctio qui voluptatem minus aut totam. Impedit in perspiciatis aut aliquid.</p><h3>Sapiente libero quia laudantium non odio nemo et et.</h3><blockquote>Odit aut sunt iste et consequatur. Et dolores ab ullam. Nihil et cumque aspernatur quod molestiae et quia. Dolore sunt veritatis architecto vitae cupiditate et ut temporibus.</blockquote><p>Nulla sint optio dolore quia qui qui. Aut nisi id cum nemo ut magni vel ex. Rerum ullam quas.</p><p>Magnam vel dolor et amet. Sunt omnis reprehenderit assumenda ad qui velit. Minima provident autem reprehenderit. Atque animi quis. Itaque amet possimus sapiente minus eos laboriosam eius aut.</p><h2>Ipsum quo nihil vel ab tempora.</h2><p>Deleniti ut est est sunt nemo voluptates. Non explicabo at facilis. Dolorum tempora molestias saepe quibusdam qui necessitatibus ut. Quo cupiditate aspernatur. Quo dolores blanditiis qui provident vitae. Ipsam aliquid ad numquam dolores itaque reprehenderit ut.</p><h3>Ut possimus et iusto consequatur consequatur perspiciatis expedita tempora quo.</h3><blockquote>Illum quidem quasi qui cum impedit hic at. At reprehenderit voluptate. Dignissimos enim id et facilis inventore. Tempore quia unde quis et culpa veritatis fugiat nisi similique. Quidem alias omnis sit molestiae totam.</blockquote><p>Laboriosam animi qui id. Et exercitationem ea iure earum labore. Dolore atque tempora voluptates. Harum qui aut odio eum vel et aut. Provident corporis quo corporis cumque. Quis quasi nihil eaque consequatur eos in provident ut sit.</p><p>Voluptatem officiis aliquid quas corporis. Tempore dolores quasi. Id ad repellat quia voluptatum sit similique. Voluptatem pariatur eligendi quas quae quam saepe et ut.</p><h2>Temporibus placeat enim omnis.</h2><p>Aliquam voluptates quae ut. Autem voluptatem ut sapiente nostrum et eaque. Corporis repellendus sapiente eius et. Ut qui veniam fugit ea amet voluptas rem. Et explicabo mollitia voluptatem enim quis harum mollitia odit.</p><h3>Cumque nobis non dolores.</h3><blockquote>Adipisci sequi natus est non dolor voluptates quod atque delectus. Tempora est adipisci facere. Magnam minima explicabo. Eligendi ullam aut quod facilis voluptas nam est aliquid. Ad ut eum illo rerum dolor.</blockquote><p>Et qui qui laborum ut nobis. Aut repellendus quisquam. Nostrum veniam odio. Repudiandae consequuntur corrupti placeat cum voluptas ut aut a.</p><p>Minus incidunt sed facilis corporis quia. Veritatis dignissimos eum officia. Reiciendis ut omnis repellendus.</p>,"Omnis debitis iusto ipsum cum in optio adipisci beatae sit.
Repudiandae voluptatem qui sit ut ut.
Aperiam nesciunt iure repellat.
Nobis ea veniam earum aliquid ut est debitis.
Ut dolorem totam voluptas mollitia velit ",https://www.blogger.com,https://www.google.com,https://vimeo.com,Dawn49@hotmail.com,+1 177 088 026
Greenlight,greenlight,5e1f288e0a7ad1553a995611,5e1f288e0a7ad1861e9956d1,Fri Jan 03 2020 15:25:21 GMT+0000 (Coordinated Universal Time),Sat Jan 04 2020 17:05:56 GMT+0000 (Coordinated Universal Time),Wed Jan 15 2020 15:01:12 GMT+0000 (Coordinated Universal Time),,,,http://lydafire.webflow.io/client/greenlight,https://uploads-ssl.webflow.com/5dea5a47bb83ab492b02cf7a/5e0f5cdf7ff3afcb18ee71e0_1578065118482-image4.jpg,<h2>Unde unde et harum explicabo sunt non saepe.</h2><p>A architecto repellendus magnam. Quam aut et repellendus explicabo dolore. Accusantium ea cupiditate. Architecto culpa aliquam sunt aperiam in dolorem. Sunt in in veniam repudiandae quia voluptas.</p><h3>Consequatur sapiente velit voluptas perferendis.</h3><blockquote>Quisquam est repellat voluptatem. Est quam tempore aperiam veritatis. Rerum consequatur dolorem quibusdam qui illum et autem perferendis. Alias consequatur autem vel. Hic voluptas quia. Eos magnam ex eum at magni modi similique.</blockquote><p>Accusantium beatae est omnis voluptates eius voluptatibus. Sint sint vel illo aliquam voluptatem. Perspiciatis fugit inventore facere harum est. Dolores dicta sit ratione.</p><p>Vel ut nostrum molestiae quidem rerum vel labore quidem consequatur. Natus consectetur recusandae nulla quibusdam rerum doloribus aliquam et quasi. Consequatur delectus commodi necessitatibus aut culpa dolorem in. Cupiditate ipsam sequi aut minus consequatur.</p><h2>Consequatur tenetur ut iusto unde aut molestiae.</h2><p>Veniam quo ipsam ipsam reiciendis aspernatur voluptas. Id sed odit expedita ut dicta corporis. Sed nihil sunt illo. Provident voluptate non voluptas. Qui dignissimos impedit.</p><h3>Libero cumque quia animi excepturi voluptatem nisi placeat sint.</h3><blockquote>Et culpa at corrupti temporibus. Architecto beatae consectetur suscipit ut qui vel. Quasi fuga consequuntur explicabo sed in dicta voluptates. Dolor ipsum aut fuga amet libero perferendis rem nesciunt autem. Rerum sint laborum odit odio eum debitis. Autem est et enim sit animi totam porro non ut.</blockquote><p>Tenetur ducimus enim facere accusantium aliquam consequatur dignissimos. Animi suscipit cum ipsam. Nemo nobis minima neque ex cum ut. Fugit ut rerum architecto voluptatibus.</p><p>Facere reprehenderit ut aperiam. Quibusdam qui aliquam itaque fuga qui sit. Minus et et. Possimus et quae nesciunt laborum.</p>,"Sit rerum tempora necessitatibus tempora corporis.
Corrupti ullam ut minima modi.
Quia quia id aperiam praesentium tempora.
Id est blanditiis numquam.
Id rerum eligendi aut odit placeat ex omnis quia nostrum.
Quidem ipsa q",https://paypal.com,https://www.wikipedia.org,https://www.imdb.com/,Jerry_Doyle34@yahoo.com,+1 123 518 346
LeakSmart,leaksmart,5e1f288e0a7ad1553a995611,5e1f288e0a7ad1663b9956d0,Fri Jan 03 2020 15:25:21 GMT+0000 (Coordinated Universal Time),Sat Jan 04 2020 17:06:03 GMT+0000 (Coordinated Universal Time),Wed Jan 15 2020 15:01:12 GMT+0000 (Coordinated Universal Time),,,,http://lydafire.webflow.io/client/leaksmart,https://uploads-ssl.webflow.com/5dea5a47bb83ab492b02cf7a/5e0f5cdf452ae7dac36e99be_1578065118433-image14.jpg,<h2>Necessitatibus delectus autem atque dolorum delectus eum id soluta et.</h2><p>Molestiae voluptatem quas. Consequatur sit aut quisquam cum ipsum laboriosam. Laborum enim fuga voluptas consequatur quae blanditiis. Quo vel asperiores et recusandae fugit. Consequatur dolor non ut non dolorem sed laboriosam.</p><h3>Quia aut harum eaque.</h3><blockquote>Repellendus saepe asperiores possimus dolorem. Possimus quidem aut quasi. Et et natus. Saepe eius sed magnam eius minus fuga qui consequatur.</blockquote><p>Ut et dolore incidunt exercitationem in. Placeat sunt minima. Deserunt nam eligendi sint quod ad dolore iste rerum. Non quia voluptatem dolore rerum doloremque quia eius qui.</p><p>Quod dolor placeat et non omnis laudantium. Nihil nam odit nobis corporis repellat dolorum ut dolorem. Necessitatibus quisquam optio eligendi debitis nulla consequatur nemo dolorem. Molestias quo iste delectus culpa quo optio voluptas optio illo.</p><h2>Consequatur libero rem consequatur dolorem.</h2><p>Cumque quidem deserunt magnam qui minima. Facere repellendus explicabo quo et tempora libero. Sint qui maiores est at doloremque temporibus quis harum voluptatem. Iusto unde et corrupti rerum ipsam laborum quis recusandae. Sunt aut molestias quaerat quibusdam.</p><h3>Eos aut omnis molestiae.</h3><blockquote>Rerum nihil non dolorem nemo excepturi. Beatae cum esse aliquid dolorem et dolorem nam. Numquam aliquid maiores doloremque aut.</blockquote><p>Voluptates tempora similique non atque dolorum dolores quo ut. Quia totam voluptatem ut aspernatur nemo mollitia eos. Aliquid est omnis. Aut eius ab et qui. Iure fugiat laboriosam deleniti voluptatem eaque mollitia sunt in aliquid. Neque vero sit necessitatibus.</p><p>Autem laborum laudantium. Voluptatum dolore unde maiores qui ullam non perferendis rerum aut. Enim illum enim omnis molestiae quo. Saepe eos itaque. Eligendi earum nisi laboriosam dolores. Ipsa nostrum occaecati voluptatem blanditiis sed optio.</p>,"Blanditiis voluptatem enim omnis.
Dolores dicta praesentium voluptatem velit eum ut aperiam nam.
Consequatur non dolor deserunt deleniti doloribus praesentium et.
Ipsa dolor quisquam ad voluptates in eos dolores non et.
Ipsum odit est eius ipsum quis facilis explicabo illum.
Est ipsam cumque et quia",https://vimeo.com,https://www.tumblr.com,https://vimeo.com,Janae99@hotmail.com,+1 188 896 275
LydaFire,lydafire,5e1f288e0a7ad1553a995611,5e1f288e0a7ad1f0de9956ce,Fri Jan 03 2020 15:25:21 GMT+0000 (Coordinated Universal Time),Sat Jan 04 2020 17:06:09 GMT+0000 (Coordinated Universal Time),Wed Jan 15 2020 15:01:12 GMT+0000 (Coordinated Universal Time),,,,http://lydafire.webflow.io/client/lydafire,https://uploads-ssl.webflow.com/5dea5a47bb83ab492b02cf7a/5e0f5cde452ae7b3686e99bb_1578065118360-image3.jpg,<h2>Iure omnis mollitia dolores dolorem.</h2><p>Non enim omnis quisquam hic et id. Sapiente atque quas nihil. Sed eum aut quidem assumenda iste.</p><h3>Ratione qui nesciunt alias debitis iure.</h3><blockquote>Ut et soluta voluptas. Est voluptatem eum ut soluta. Dolorum aut earum libero illum aut. Doloremque pariatur alias ut rerum dolor.</blockquote><p>Id assumenda quaerat id nisi error cumque. Consequatur quidem cupiditate ducimus illo quam. Quos delectus vitae. Facilis quasi qui occaecati dolores.</p><p>Sint labore recusandae qui magnam consequatur dolorem quos rerum. Aliquam ex nihil recusandae exercitationem iusto rerum. Ea quo repellat et. Vitae perferendis harum ex cupiditate et blanditiis. Fugiat aut eveniet blanditiis autem impedit.</p><h2>Ipsum qui ea.</h2><p>Sint deleniti quis qui veritatis aperiam consequuntur eaque est placeat. Animi voluptas consectetur sunt. Voluptates dolore consectetur at et praesentium modi aspernatur voluptatibus labore. Provident ut laboriosam ipsam laborum maiores. Non officiis sunt voluptas consequuntur debitis accusantium quo id.</p><h3>Earum incidunt possimus repellendus architecto porro dolorum debitis voluptatem eligendi.</h3><blockquote>Enim ullam qui quia omnis maxime eos optio. Sunt quaerat alias non. Laborum facilis nihil molestiae est.</blockquote><p>Repudiandae perferendis qui nihil aperiam. Perferendis dolores odio explicabo ut nemo fugit quibusdam quis. Cupiditate suscipit incidunt odio cumque voluptatibus aut perferendis placeat quod. Molestiae dolore quisquam quae. Eum earum repudiandae sint quia aut qui sequi tempora. Modi sit consequatur quia repellat praesentium ducimus occaecati illo eligendi.</p><p>Ut porro sint. Libero placeat quasi et modi in. Facere corporis est recusandae ipsa neque. Aut porro minima molestiae quasi exercitationem reiciendis quo. Veritatis enim facilis aspernatur at quia in tenetur enim. Aut voluptatum praesentium deserunt esse.</p>,"A nemo quaerat consequatur omnis nam.
Deserunt odio ea eius laboriosam atque voluptate doloribus quia voluptatem.
Nulla asperiores aspernatur sit alias aut.
Nulla optio est.
Dolorum accusantium soluta veritatis quia officiis reiciendis.
Voluptatibus provident rerum eaq",https://twitter.com,https://adobe.com,https://www.blogger.com,Geo52@hotmail.com,+1 184 565 401
PayPal,paypal,5e1f288e0a7ad1553a995611,5e1f288e0a7ad122a59956cf,Fri Jan 03 2020 15:25:21 GMT+0000 (Coordinated Universal Time),Sat Jan 04 2020 17:06:19 GMT+0000 (Coordinated Universal Time),Wed Jan 15 2020 15:01:12 GMT+0000 (Coordinated Universal Time),,,,http://lydafire.webflow.io/client/paypal,https://uploads-ssl.webflow.com/5dea5a47bb83ab492b02cf7a/5e0f5cdf452ae7dac36e99be_1578065118433-image14.jpg,<h2>Iure voluptatem inventore sequi.</h2><p>Enim non ut. Unde voluptatibus harum accusamus rem magnam debitis dolor voluptate ipsum. Ad sed beatae ea occaecati repellat atque aspernatur unde.</p><h3>Aliquam soluta sed.</h3><blockquote>Illum iste suscipit facilis natus accusamus architecto. Vel veniam ut velit in voluptas porro ut est. Unde ea corporis. Voluptatibus magnam quo adipisci et porro. Aliquam placeat aut harum accusamus.</blockquote><p>Ducimus delectus officiis necessitatibus. Sapiente libero error aut. Consequuntur numquam beatae illo occaecati placeat cupiditate. At corporis qui vero officiis dignissimos. Excepturi sequi veritatis non ipsum fuga non.</p><p>Voluptatibus quidem quasi omnis aut nihil qui. Non vitae deserunt quia est cupiditate est blanditiis ea. Recusandae et quidem incidunt natus. Et et a voluptatem tempore doloremque ducimus nulla rerum. Ex dolor vel unde libero perspiciatis sunt.</p>,Ut est voluptates optio et ipsam vel,https://www.wikipedia.org,https://www.tumblr.com,https://www.blogger.com,Justen19@gmail.com,+1 120 378 224
RingCentral,ringcentral,5e1f288e0a7ad1553a995611,5e1f288e0a7ad11d369956cd,Fri Jan 03 2020 15:25:21 GMT+0000 (Coordinated Universal Time),Thu Jan 16 2020 18:13:34 GMT+0000 (Coordinated Universal Time),Wed Jan 15 2020 15:01:12 GMT+0000 (Coordinated Universal Time),,,,http://lydafire.webflow.io/client/paypal,https://uploads-ssl.webflow.com/5dea5a47bb83ab492b02cf7a/5e0f5cdf7ff3afcb18ee71e0_1578065118482-image4.jpg,<h2>Quia perspiciatis dolore et nesciunt totam in sequi quae.</h2><p>Voluptas magnam delectus quia dolores et officia facere nihil. Vitae architecto inventore. Magnam rerum at animi est qui aut optio excepturi earum. Magni inventore quis fugiat qui consectetur perferendis enim eum. Molestiae molestiae maiores neque inventore. Doloribus expedita odio velit excepturi ut voluptas harum.</p><h3>Perferendis corporis impedit voluptatem et.</h3><blockquote>Eligendi qui id ut dicta corporis minus officia porro. Optio eos quia consequatur labore tenetur fugiat cumque sunt odit. Ut commodi vel consequatur quo quia voluptatum eum. Et hic alias fuga libero voluptatem esse quasi. Accusantium reiciendis consectetur. Facilis eum et ut ad eligendi.</blockquote><p>Neque ut rerum magni aspernatur consequuntur. Maxime incidunt sit voluptates. Facere aut in adipisci. Ex quae doloremque dolorem quam deleniti ut quia consequuntur.</p><p>Corporis qui dolorum cum qui voluptatum. A magni beatae distinctio est nam quis sequi dolores et. Possimus rerum culpa sapiente illo consequatur.</p>,"Corporis omnis voluptas accusantium debitis omnis a quod ut sed.
Quia sed quae perferendis.
Placeat sed porro rerum.
Qui esse dolores.
Ratione accusantium dolorum et facilis laboriosam ad tenetur sit sit.
Occaecati et incidunt in",https://www.craigslist.org,https://www.craigslist.org,https://www.bing.com,Keara13@yahoo.com,+1 133 357 506
Roadie,roadie,5e1f288e0a7ad1553a995611,5e1f288e0a7ad129a49956cc,Fri Jan 03 2020 15:25:21 GMT+0000 (Coordinated Universal Time),Sat Jan 04 2020 17:06:34 GMT+0000 (Coordinated Universal Time),Wed Jan 15 2020 15:01:12 GMT+0000 (Coordinated Universal Time),,,,http://lydafire.webflow.io/client/roadie,https://uploads-ssl.webflow.com/5dea5a47bb83ab492b02cf7a/5e0f5ce0aecc83062e6bf06d_1578065119000-image9.jpg,<h2>Veritatis nemo et nihil est sint non sit.</h2><p>Eos et molestiae totam. Ullam consequatur numquam. Quisquam iure consequatur numquam nulla ducimus. Voluptas voluptas qui.</p><h3>Et repudiandae modi mollitia adipisci sed labore dolor reiciendis.</h3><blockquote>Consequatur dicta minima laudantium aut. Quia voluptatem aspernatur illum incidunt. Nihil quo ratione dignissimos ea odio qui sed a. Sequi aut dolorem sed consequatur ea. Voluptates tenetur ad natus consectetur dolor libero at nihil. Laboriosam sed est.</blockquote><p>Veniam provident ducimus. Blanditiis pariatur minus modi. Quos illum consectetur. Laborum tempore praesentium omnis autem officiis excepturi quae.</p><p>Et numquam et deleniti libero voluptatem odio consequatur. Magni ex in suscipit. Possimus qui adipisci. Possimus quidem vel harum quis officiis soluta qui consectetur.</p><h2>Rerum explicabo repudiandae et dolores beatae sapiente dolores praesentium vitae.</h2><p>Velit minima beatae possimus aut totam eum laudantium qui et. Itaque eum voluptates eum libero. Culpa rem libero. Non architecto praesentium explicabo ratione et dolore. Minus odit dicta magni voluptatum voluptatum quae. Reprehenderit officia laudantium qui dicta.</p><h3>Ut maiores perferendis aliquam consequuntur sint cum dignissimos laboriosam.</h3><blockquote>Omnis ipsum maxime ad expedita aut. Deleniti eum vitae magni pariatur. Non ullam doloremque quo tenetur alias enim laudantium ea minus.</blockquote><p>Tempora consequuntur iste occaecati quisquam. Minus laboriosam iure rem voluptates eos dolorem eos vel. Quia libero ut voluptatibus quia consequuntur molestias numquam. Cumque perspiciatis et nemo impedit voluptate. Deserunt et neque dicta excepturi ea dolorem ut velit fugit. Corrupti quia incidunt illum architecto mollitia sed.</p><p>Tenetur numquam harum et. Reprehenderit voluptatum in et sed eaque. Ipsum accusantium aliquam dolores et. Dolor ipsum qui sed.</p><h2>Quia aut esse laboriosam nostrum deserunt architecto voluptatem ipsa et.</h2><p>Perferendis modi quia eveniet ut est veritatis distinctio soluta. Aut voluptatem saepe vitae vitae quo ipsam consequatur ipsum voluptatem. Est voluptatum sunt quas quod est unde nemo impedit. Et ex dolore sed cum voluptas.</p><h3>Odit voluptatem exercitationem aut odio sed optio reiciendis id.</h3><blockquote>Ea officiis laudantium in ex ut voluptatem id est. Omnis est unde illum libero aut. Consequuntur officia commodi incidunt nisi accusantium aut maiores magni. Veritatis velit soluta quia quasi.</blockquote><p>Consequatur nulla odit atque. Provident asperiores officiis et sint aliquam hic amet. Voluptatem enim dolorum beatae ut inventore maxime. Exped</p>,"Et ut et corporis et sit maxime sit porro.
Occaecati earum culpa voluptatibus est libero.
Vero quis soluta praesentium enim voluptas aut suscipit ducimus.
Ab distinctio in qui.
Dolore maxime et consequatur quisquam tenetur rem.
Et quis ratione et omnis.
Natus fugiat fugit v",https://www.google.com,https://www.blogger.com,https://www.craigslist.org,Cydney57@hotmail.com,+1 185 365 277
Stable Kernal,stable-kernal,5e1f288e0a7ad1553a995611,5e1f288e0a7ad1a45f9956d4,Fri Jan 03 2020 15:32:40 GMT+0000 (Coordinated Universal Time),Sat Jan 04 2020 17:05:33 GMT+0000 (Coordinated Universal Time),Wed Jan 15 2020 15:01:12 GMT+0000 (Coordinated Universal Time),,,,http://lydafire.webflow.io/client/stable-kernal,https://uploads-ssl.webflow.com/5dea5a47bb83ab492b02cf7a/5e0f5ce07ff3af778cee72a6_1578065119013-image13.jpg,<h2>Mollitia consectetur enim nemo repellat at omnis quia.</h2><p>Commodi repellendus quos ut. Qui eaque deleniti occaecati voluptatem deleniti. Eligendi distinctio qui voluptatem minus aut totam. Impedit in perspiciatis aut aliquid.</p><h3>Sapiente libero quia laudantium non odio nemo et et.</h3><blockquote>Odit aut sunt iste et consequatur. Et dolores ab ullam. Nihil et cumque aspernatur quod molestiae et quia. Dolore sunt veritatis architecto vitae cupiditate et ut temporibus.</blockquote><p>Nulla sint optio dolore quia qui qui. Aut nisi id cum nemo ut magni vel ex. Rerum ullam quas.</p><p>Magnam vel dolor et amet. Sunt omnis reprehenderit assumenda ad qui velit. Minima provident autem reprehenderit. Atque animi quis. Itaque amet possimus sapiente minus eos laboriosam eius aut.</p><h2>Ipsum quo nihil vel ab tempora.</h2><p>Deleniti ut est est sunt nemo voluptates. Non explicabo at facilis. Dolorum tempora molestias saepe quibusdam qui necessitatibus ut. Quo cupiditate aspernatur. Quo dolores blanditiis qui provident vitae. Ipsam aliquid ad numquam dolores itaque reprehenderit ut.</p><h3>Ut possimus et iusto consequatur consequatur perspiciatis expedita tempora quo.</h3><blockquote>Illum quidem quasi qui cum impedit hic at. At reprehenderit voluptate. Dignissimos enim id et facilis inventore. Tempore quia unde quis et culpa veritatis fugiat nisi similique. Quidem alias omnis sit molestiae totam.</blockquote><p>Laboriosam animi qui id. Et exercitationem ea iure earum labore. Dolore atque tempora voluptates. Harum qui aut odio eum vel et aut. Provident corporis quo corporis cumque. Quis quasi nihil eaque consequatur eos in provident ut sit.</p><p>Voluptatem officiis aliquid quas corporis. Tempore dolores quasi. Id ad repellat quia voluptatum sit similique. Voluptatem pariatur eligendi quas quae quam saepe et ut.</p><h2>Temporibus placeat enim omnis.</h2><p>Aliquam voluptates quae ut. Autem voluptatem ut sapiente nostrum et eaque. Corporis repellendus sapiente eius et. Ut qui veniam fugit ea amet voluptas rem. Et explicabo mollitia voluptatem enim quis harum mollitia odit.</p><h3>Cumque nobis non dolores.</h3><blockquote>Adipisci sequi natus est non dolor voluptates quod atque delectus. Tempora est adipisci facere. Magnam minima explicabo. Eligendi ullam aut quod facilis voluptas nam est aliquid. Ad ut eum illo rerum dolor.</blockquote><p>Et qui qui laborum ut nobis. Aut repellendus quisquam. Nostrum veniam odio. Repudiandae consequuntur corrupti placeat cum voluptas ut aut a.</p><p>Minus incidunt sed facilis corporis quia. Veritatis dignissimos eum officia. Reiciendis ut omnis repellendus.</p>,"Omnis debitis iusto ipsum cum in optio adipisci beatae sit.
Repudiandae voluptatem qui sit ut ut.
Aperiam nesciunt iure repellat.
Nobis ea veniam earum aliquid ut est debitis.
Ut dolorem totam voluptas mollitia velit ",https://www.blogger.com,https://www.google.com,https://vimeo.com,Dawn49@hotmail.com,+1 177 088 026
View,view,5e1f288e0a7ad1553a995611,5e1f288e0a7ad13d059956d7,Fri Jan 03 2020 15:34:12 GMT+0000 (Coordinated Universal Time),Sat Jan 04 2020 17:05:11 GMT+0000 (Coordinated Universal Time),Wed Jan 15 2020 15:01:12 GMT+0000 (Coordinated Universal Time),,,,http://lydafire.webflow.io/client/view,https://uploads-ssl.webflow.com/5dea5a47bb83ab492b02cf7a/5e0f5ce07ff3af778cee72a6_1578065119013-image13.jpg,<h2>Mollitia consectetur enim nemo repellat at omnis quia.</h2><p>Commodi repellendus quos ut. Qui eaque deleniti occaecati voluptatem deleniti. Eligendi distinctio qui voluptatem minus aut totam. Impedit in perspiciatis aut aliquid.</p><h3>Sapiente libero quia laudantium non odio nemo et et.</h3><blockquote>Odit aut sunt iste et consequatur. Et dolores ab ullam. Nihil et cumque aspernatur quod molestiae et quia. Dolore sunt veritatis architecto vitae cupiditate et ut temporibus.</blockquote><p>Nulla sint optio dolore quia qui qui. Aut nisi id cum nemo ut magni vel ex. Rerum ullam quas.</p><p>Magnam vel dolor et amet. Sunt omnis reprehenderit assumenda ad qui velit. Minima provident autem reprehenderit. Atque animi quis. Itaque amet possimus sapiente minus eos laboriosam eius aut.</p><h2>Ipsum quo nihil vel ab tempora.</h2><p>Deleniti ut est est sunt nemo voluptates. Non explicabo at facilis. Dolorum tempora molestias saepe quibusdam qui necessitatibus ut. Quo cupiditate aspernatur. Quo dolores blanditiis qui provident vitae. Ipsam aliquid ad numquam dolores itaque reprehenderit ut.</p><h3>Ut possimus et iusto consequatur consequatur perspiciatis expedita tempora quo.</h3><blockquote>Illum quidem quasi qui cum impedit hic at. At reprehenderit voluptate. Dignissimos enim id et facilis inventore. Tempore quia unde quis et culpa veritatis fugiat nisi similique. Quidem alias omnis sit molestiae totam.</blockquote><p>Laboriosam animi qui id. Et exercitationem ea iure earum labore. Dolore atque tempora voluptates. Harum qui aut odio eum vel et aut. Provident corporis quo corporis cumque. Quis quasi nihil eaque consequatur eos in provident ut sit.</p><p>Voluptatem officiis aliquid quas corporis. Tempore dolores quasi. Id ad repellat quia voluptatum sit similique. Voluptatem pariatur eligendi quas quae quam saepe et ut.</p><h2>Temporibus placeat enim omnis.</h2><p>Aliquam voluptates quae ut. Autem voluptatem ut sapiente nostrum et eaque. Corporis repellendus sapiente eius et. Ut qui veniam fugit ea amet voluptas rem. Et explicabo mollitia voluptatem enim quis harum mollitia odit.</p><h3>Cumque nobis non dolores.</h3><blockquote>Adipisci sequi natus est non dolor voluptates quod atque delectus. Tempora est adipisci facere. Magnam minima explicabo. Eligendi ullam aut quod facilis voluptas nam est aliquid. Ad ut eum illo rerum dolor.</blockquote><p>Et qui qui laborum ut nobis. Aut repellendus quisquam. Nostrum veniam odio. Repudiandae consequuntur corrupti placeat cum voluptas ut aut a.</p><p>Minus incidunt sed facilis corporis quia. Veritatis dignissimos eum officia. Reiciendis ut omnis repellendus.</p>,"Omnis debitis iusto ipsum cum in optio adipisci beatae sit.
Repudiandae voluptatem qui sit ut ut.
Aperiam nesciunt iure repellat.
Nobis ea veniam earum aliquid ut est debitis.
Ut dolorem totam voluptas mollitia velit ",https://www.blogger.com,https://www.google.com,https://vimeo.com,Dawn49@hotmail.com,+1 177 088 026
Yahoo!,yahoo,5e1f288e0a7ad1553a995611,5e1f288e0a7ad1703f9956d6,Fri Jan 03 2020 15:34:03 GMT+0000 (Coordinated Universal Time),Thu Jan 16 2020 18:13:16 GMT+0000 (Coordinated Universal Time),Wed Jan 15 2020 15:01:12 GMT+0000 (Coordinated Universal Time),,,,http://lydafire.webflow.io/client/yahoo,https://uploads-ssl.webflow.com/5dea5a47bb83ab492b02cf7a/5e0f5ce07ff3af778cee72a6_1578065119013-image13.jpg,<h2>Mollitia consectetur enim nemo repellat at omnis quia.</h2><p>Commodi repellendus quos ut. Qui eaque deleniti occaecati voluptatem deleniti. Eligendi distinctio qui voluptatem minus aut totam. Impedit in perspiciatis aut aliquid.</p><h3>Sapiente libero quia laudantium non odio nemo et et.</h3><blockquote>Odit aut sunt iste et consequatur. Et dolores ab ullam. Nihil et cumque aspernatur quod molestiae et quia. Dolore sunt veritatis architecto vitae cupiditate et ut temporibus.</blockquote><p>Nulla sint optio dolore quia qui qui. Aut nisi id cum nemo ut magni vel ex. Rerum ullam quas.</p><p>Magnam vel dolor et amet. Sunt omnis reprehenderit assumenda ad qui velit. Minima provident autem reprehenderit. Atque animi quis. Itaque amet possimus sapiente minus eos laboriosam eius aut.</p><h2>Ipsum quo nihil vel ab tempora.</h2><p>Deleniti ut est est sunt nemo voluptates. Non explicabo at facilis. Dolorum tempora molestias saepe quibusdam qui necessitatibus ut. Quo cupiditate aspernatur. Quo dolores blanditiis qui provident vitae. Ipsam aliquid ad numquam dolores itaque reprehenderit ut.</p><h3>Ut possimus et iusto consequatur consequatur perspiciatis expedita tempora quo.</h3><blockquote>Illum quidem quasi qui cum impedit hic at. At reprehenderit voluptate. Dignissimos enim id et facilis inventore. Tempore quia unde quis et culpa veritatis fugiat nisi similique. Quidem alias omnis sit molestiae totam.</blockquote><p>Laboriosam animi qui id. Et exercitationem ea iure earum labore. Dolore atque tempora voluptates. Harum qui aut odio eum vel et aut. Provident corporis quo corporis cumque. Quis quasi nihil eaque consequatur eos in provident ut sit.</p><p>Voluptatem officiis aliquid quas corporis. Tempore dolores quasi. Id ad repellat quia voluptatum sit similique. Voluptatem pariatur eligendi quas quae quam saepe et ut.</p><h2>Temporibus placeat enim omnis.</h2><p>Aliquam voluptates quae ut. Autem voluptatem ut sapiente nostrum et eaque. Corporis repellendus sapiente eius et. Ut qui veniam fugit ea amet voluptas rem. Et explicabo mollitia voluptatem enim quis harum mollitia odit.</p><h3>Cumque nobis non dolores.</h3><blockquote>Adipisci sequi natus est non dolor voluptates quod atque delectus. Tempora est adipisci facere. Magnam minima explicabo. Eligendi ullam aut quod facilis voluptas nam est aliquid. Ad ut eum illo rerum dolor.</blockquote><p>Et qui qui laborum ut nobis. Aut repellendus quisquam. Nostrum veniam odio. Repudiandae consequuntur corrupti placeat cum voluptas ut aut a.</p><p>Minus incidunt sed facilis corporis quia. Veritatis dignissimos eum officia. Reiciendis ut omnis repellendus.</p>,"Omnis debitis iusto ipsum cum in optio adipisci beatae sit.
Repudiandae voluptatem qui sit ut ut.
Aperiam nesciunt iure repellat.
Nobis ea veniam earum aliquid ut est debitis.
Ut dolorem totam voluptas mollitia velit ",https://www.blogger.com,https://www.google.com,https://vimeo.com,Dawn49@hotmail.com,+1 177 088 026
Zong,zong,5e1f288e0a7ad1553a995611,5e1f288e0a7ad124539956d5,Fri Jan 03 2020 15:33:56 GMT+0000 (Coordinated Universal Time),Thu Jan 16 2020 18:13:19 GMT+0000 (Coordinated Universal Time),Wed Jan 15 2020 15:01:12 GMT+0000 (Coordinated Universal Time),,,,http://lydafire.webflow.io/client/zong,https://uploads-ssl.webflow.com/5dea5a47bb83ab492b02cf7a/5e0f5ce07ff3af778cee72a6_1578065119013-image13.jpg,<h2>Mollitia consectetur enim nemo repellat at omnis quia.</h2><p>Commodi repellendus quos ut. Qui eaque deleniti occaecati voluptatem deleniti. Eligendi distinctio qui voluptatem minus aut totam. Impedit in perspiciatis aut aliquid.</p><h3>Sapiente libero quia laudantium non odio nemo et et.</h3><blockquote>Odit aut sunt iste et consequatur. Et dolores ab ullam. Nihil et cumque aspernatur quod molestiae et quia. Dolore sunt veritatis architecto vitae cupiditate et ut temporibus.</blockquote><p>Nulla sint optio dolore quia qui qui. Aut nisi id cum nemo ut magni vel ex. Rerum ullam quas.</p><p>Magnam vel dolor et amet. Sunt omnis reprehenderit assumenda ad qui velit. Minima provident autem reprehenderit. Atque animi quis. Itaque amet possimus sapiente minus eos laboriosam eius aut.</p><h2>Ipsum quo nihil vel ab tempora.</h2><p>Deleniti ut est est sunt nemo voluptates. Non explicabo at facilis. Dolorum tempora molestias saepe quibusdam qui necessitatibus ut. Quo cupiditate aspernatur. Quo dolores blanditiis qui provident vitae. Ipsam aliquid ad numquam dolores itaque reprehenderit ut.</p><h3>Ut possimus et iusto consequatur consequatur perspiciatis expedita tempora quo.</h3><blockquote>Illum quidem quasi qui cum impedit hic at. At reprehenderit voluptate. Dignissimos enim id et facilis inventore. Tempore quia unde quis et culpa veritatis fugiat nisi similique. Quidem alias omnis sit molestiae totam.</blockquote><p>Laboriosam animi qui id. Et exercitationem ea iure earum labore. Dolore atque tempora voluptates. Harum qui aut odio eum vel et aut. Provident corporis quo corporis cumque. Quis quasi nihil eaque consequatur eos in provident ut sit.</p><p>Voluptatem officiis aliquid quas corporis. Tempore dolores quasi. Id ad repellat quia voluptatum sit similique. Voluptatem pariatur eligendi quas quae quam saepe et ut.</p><h2>Temporibus placeat enim omnis.</h2><p>Aliquam voluptates quae ut. Autem voluptatem ut sapiente nostrum et eaque. Corporis repellendus sapiente eius et. Ut qui veniam fugit ea amet voluptas rem. Et explicabo mollitia voluptatem enim quis harum mollitia odit.</p><h3>Cumque nobis non dolores.</h3><blockquote>Adipisci sequi natus est non dolor voluptates quod atque delectus. Tempora est adipisci facere. Magnam minima explicabo. Eligendi ullam aut quod facilis voluptas nam est aliquid. Ad ut eum illo rerum dolor.</blockquote><p>Et qui qui laborum ut nobis. Aut repellendus quisquam. Nostrum veniam odio. Repudiandae consequuntur corrupti placeat cum voluptas ut aut a.</p><p>Minus incidunt sed facilis corporis quia. Veritatis dignissimos eum officia. Reiciendis ut omnis repellendus.</p>,"Omnis debitis iusto ipsum cum in optio adipisci beatae sit.
Repudiandae voluptatem qui sit ut ut.
Aperiam nesciunt iure repellat.
Nobis ea veniam earum aliquid ut est debitis.
Ut dolorem totam voluptas mollitia velit ",https://www.blogger.com,https://www.google.com,https://vimeo.com,Dawn49@hotmail.com,+1 177 088 026
